"","Name","WAIC","DIC"
"1","Base",34818.7073775164,34554.0485041253
"2","TypeI",30182.4916298257,30291.7962633601
"3","TypeII",28819.1719180347,28720.3172269956
"4","TypeIII",34829.9221088766,34555.9875322297
"5","TypeIV",34823.5424729131,34556.4445547683
